{
  "$schema": "http://json-schema.org/draft-07/schema#",
  "title": "Graph Architecture Schema",
  "description": "Defines the structure for specifying node and relationship types and their properties.",
  "type": "object",
  "properties": {
    "nodes": {
      "$schema": "http://json-schema.org/draft-07/schema#",
      "title": "Graph Architecture Schema Property: nodes",
      "description": "",
      "type": "array",
      "items": {
        "type": "object",
        "properties": {
          "type": {
            "type": "string",
            "description": "The label/type of the node."
          },
          "properties": {
            "type": "object",
            "description": "Key-value pairs where key is property name and value is its JSON schema type (string).",
            "additionalProperties": {
              "type": "string"
            }
          }
        },
        "required": [
          "type",
          "properties"
        ]
      }
    },
    "relationships": {
      "$schema": "http://json-schema.org/draft-07/schema#",
      "title": "Graph Architecture Schema Property: relationships",
      "description": "",
      "type": "array",
      "items": {
        "type": "object",
        "properties": {
          "type": {
            "type": "string",
            "description": "The type of the relationship."
          },
          "properties": {
            "type": "object",
            "description": "Key-value pairs where key is property name and value is its JSON schema type (string).",
            "additionalProperties": {
              "type": "string"
            }
          }
        },
        "required": [
          "type",
          "properties"
        ]
      }
    }
  }
}